termo_busca,idioma,videos,publicado_de,publicado_ate
Alpha male,en,676,2008-08-16,2026-09-20
AWALT,en,479,2006-06-28,2026-09-18
High-value man,en,461,2017-01-10,2026-09-20
Thiago Nigro,pt,447,2020-06-27,2026-09-20
Gabriel Breier,pt,434,2020-04-13,2026-09-20
mindset for men,en,408,2014-10-15,2026-09-20
looksmaxxing,pt,391,2022-11-12,2026-09-20
Breno Faria,pt,385,2013-07-01,2026-09-15
mewing,pt,368,2009-05-21,2026-09-16
Male supremacism,en,350,2013-11-13,2026-09-20
rain santos,pt,328,2006-04-13,2026-09-20
High-value male,en,297,2013-07-10,2026-09-19
grooming masculino,pt,292,2008-10-23,2026-09-20
Andrew Tate,en,288,2021-12-29,2026-09-20
homem se cuidando,pt,267,2013-07-16,2026-09-20
men glow up,en,256,2020-11-03,2026-09-20
mewing tutorial,en,254,2017-10-01,2026-09-20
autocuidado masculino,pt,252,2019-10-17,2026-09-20
cuidados com a barba homem,pt,250,2014-02-24,2026-03-03
looksmaxxing men,en,244,2022-08-09,2026-09-20
dermatologista pele masculina,pt,208,2015-06-08,2026-07-23
glow up masculino,pt,203,2021-04-11,2026-08-18
skincare masculino,pt,201,2021-01-14,2026-09-19
softmaxxing,en,198,2021-02-08,2026-09-18
men skincare routine,en,194,2017-12-09,2026-09-19
men grooming routine,en,193,2013-06-03,2026-09-17
breno faria,pt,172,2012-07-23,2026-09-17
thiago nigro,pt,168,2020-07-27,2026-09-16
hardmaxxing,en,166,2023-03-10,2026-09-20
Rain Santos,pt,161,2011-01-17,2026-09-20
cuidados masculinos rotina,pt,159,2018-03-18,2026-09-19
gabriel breier,pt,155,2021-07-02,2026-09-20
men self care routine,en,121,2015-12-08,2026-02-26
rotina de skincare masculina,pt,104,2021-07-31,2025-11-25
how to glow up men,en,73,2021-03-18,2026-09-18
male skincare routine,en,70,2019-07-22,2026-04-05
Rain santos,pt,18,2009-04-12,2026-08-23
Thiago nigro,pt,4,2021-12-21,2025-10-16
Gabriel breier,pt,2,2023-06-21,2025-02-13
Breno faria,pt,2,2019-10-24,2023-05-01
pt,,1,,
